Experiment,Final Reward,Max Reward,Mean Reward,Reward Std,Mean Episode Length,Mean Steps/sec
metrics_1envrunners,127.79000000000008,151.39,82.10043055555555,35.05970465709116,703.3360138888888,44.933081579343
metrics_16envrunners,107.83749999999999,111.75,68.85440883190883,26.60861981958292,695.885892094017,73.48247530354112
metrics_2envrunners,128.28750000000002,257.5375,86.55265410958904,60.64286957591198,730.6539697488585,57.326693909519115
metrics_100envrunners,92.18,92.18,53.77434732884733,24.900682245920592,584.5207488039565,73.0805720558696
metrics_4envrunners,102.1875,102.1875,60.906576492537326,22.803474874394592,938.502139303483,66.16930259080075
metrics_8envrunners,120.32500000000002,151.4375,85.81225340136055,37.92548127820646,794.9601573129253,71.02742005495423
metrics_48envrunners,71.33333333333333,90.33333333333333,60.075464083938655,24.010422146349164,611.3496771589993,75.6646421836694
metrics_96envrunners,104.08333333333333,104.08333333333333,52.108100221309996,25.830408052200625,585.9487801162471,73.7251977142047
metrics_64envrunners,150.109375,152.0,79.24534581386074,47.78348748577528,610.1362361905492,77.32921319605522
